{"0.0--3671.3237304688":{"z":-13.740198135375977,"prophash":-916735931,"x":-3671.32373046875,"heading":0.0,"y":-2582.136962890625}}